-- MySQL Script generated by MySQL Workbench
-- 10/14/16 12:20:02
-- Model: New Model    Version: 1.0
-- MySQL Workbench Forward Engineering

SET @OLD_UNIQUE_CHECKS=@@UNIQUE_CHECKS, UNIQUE_CHECKS=0;
SET @OLD_FOREIGN_KEY_CHECKS=@@FOREIGN_KEY_CHECKS, FOREIGN_KEY_CHECKS=0;
SET @OLD_SQL_MODE=@@SQL_MODE, SQL_MODE='TRADITIONAL,ALLOW_INVALID_DATES';

-- -----------------------------------------------------
-- Schema Agent_lookup_table
-- -----------------------------------------------------
DROP SCHEMA IF EXISTS `Agent_lookup_table` ;

-- -----------------------------------------------------
-- Schema Agent_lookup_table
-- -----------------------------------------------------
CREATE SCHEMA IF NOT EXISTS `Agent_lookup_table` DEFAULT CHARACTER SET utf8 COLLATE utf8_general_ci ;
USE `Agent_lookup_table` ;

-- -----------------------------------------------------
-- Table `Agent_lookup_table`.`Simple_Service`
-- -----------------------------------------------------
DROP TABLE IF EXISTS `Agent_lookup_table`.`Simple_Service` ;

CREATE TABLE IF NOT EXISTS `Agent_lookup_table`.`Simple_Service` (
  `ssid` VARCHAR(255) NOT NULL COMMENT '',
  `ss_name` VARCHAR(255) NULL COMMENT '',
  `ss_value` VARCHAR(255) NULL COMMENT '',
  `ss_protocol` VARCHAR(255) NULL COMMENT '',
  `ss_url` VARCHAR(255) NULL COMMENT '',
  `ss_TTL` INT NULL COMMENT '',
  `ss_timestamp` TIMESTAMP NULL COMMENT '',
  PRIMARY KEY (`ssid`)  COMMENT '',
  UNIQUE INDEX `ssid_UNIQUE` (`ssid` ASC)  COMMENT '')
ENGINE = InnoDB;


-- -----------------------------------------------------
-- Table `Agent_lookup_table`.`Complex_Service`
-- -----------------------------------------------------
DROP TABLE IF EXISTS `Agent_lookup_table`.`Complex_Service` ;

CREATE TABLE IF NOT EXISTS `Agent_lookup_table`.`Complex_Service` (
  `csid` VARCHAR(255) NOT NULL COMMENT '',
  `cs_name` VARCHAR(255) NULL COMMENT '',
  `cs_provider` VARCHAR(255) NULL COMMENT '',
  `cs_priority` MEDIUMTEXT NULL COMMENT '',
  `cs_update_count` MEDIUMTEXT NULL COMMENT '',
  `cs_timestamp` TIMESTAMP NULL COMMENT '',
  PRIMARY KEY (`csid`)  COMMENT '',
  UNIQUE INDEX `csid_UNIQUE` (`csid` ASC)  COMMENT '')
ENGINE = InnoDB;


-- -----------------------------------------------------
-- Table `Agent_lookup_table`.`Service_Relation`
-- -----------------------------------------------------
DROP TABLE IF EXISTS `Agent_lookup_table`.`Service_Relation` ;

CREATE TABLE IF NOT EXISTS `Agent_lookup_table`.`Service_Relation` (
  `csid` VARCHAR(255) NOT NULL COMMENT '',
  `ssid` VARCHAR(255) NOT NULL COMMENT '',
  INDEX `csid_idx` (`csid` ASC)  COMMENT '',
  INDEX `ssid_idx` (`ssid` ASC)  COMMENT '',
  CONSTRAINT `csid`
    FOREIGN KEY (`csid`)
    REFERENCES `Agent_lookup_table`.`Complex_Service` (`csid`)
    ON DELETE NO ACTION
    ON UPDATE NO ACTION,
  CONSTRAINT `ssid`
    FOREIGN KEY (`ssid`)
    REFERENCES `Agent_lookup_table`.`Simple_Service` (`ssid`)
    ON DELETE CASCADE
    ON UPDATE CASCADE)
ENGINE = InnoDB;


SET SQL_MODE=@OLD_SQL_MODE;
SET FOREIGN_KEY_CHECKS=@OLD_FOREIGN_KEY_CHECKS;
SET UNIQUE_CHECKS=@OLD_UNIQUE_CHECKS;

-- -----------------------------------------------------
-- Data for table `Agent_lookup_table`.`Simple_Service`
-- -----------------------------------------------------
START TRANSACTION;
USE `Agent_lookup_table`;
INSERT INTO `Agent_lookup_table`.`Simple_Service` (`ssid`, `ss_name`, `ss_value`, `ss_protocol`, `ss_url`, `ss_TTL`, `ss_timestamp`) VALUES ('temp', 'temp', '24', 'http', 'https://google.com', 500, 'CURRENT_TIMESTAMP');
INSERT INTO `Agent_lookup_table`.`Simple_Service` (`ssid`, `ss_name`, `ss_value`, `ss_protocol`, `ss_url`, `ss_TTL`, `ss_timestamp`) VALUES ('light', 'light', '10', 'http', 'https://google.com', 500, 'now()');
INSERT INTO `Agent_lookup_table`.`Simple_Service` (`ssid`, `ss_name`, `ss_value`, `ss_protocol`, `ss_url`, `ss_TTL`, `ss_timestamp`) VALUES ('kelu', 'kelu', 'kala', 'kala', 'kala', 500, 'now()');

COMMIT;


-- -----------------------------------------------------
-- Data for table `Agent_lookup_table`.`Complex_Service`
-- -----------------------------------------------------
START TRANSACTION;
USE `Agent_lookup_table`;
INSERT INTO `Agent_lookup_table`.`Complex_Service` (`csid`, `cs_name`, `cs_provider`, `cs_priority`, `cs_update_count`, `cs_timestamp`) VALUES ('env', 'env', 'navu', '10', '2', '(CURRENT_TIMESTAMP)');
INSERT INTO `Agent_lookup_table`.`Complex_Service` (`csid`, `cs_name`, `cs_provider`, `cs_priority`, `cs_update_count`, `cs_timestamp`) VALUES ('weather', 'weather', 'weather', '5', '5', '(CURRENT_TIMESTAMP)');

COMMIT;


-- -----------------------------------------------------
-- Data for table `Agent_lookup_table`.`Service_Relation`
-- -----------------------------------------------------
START TRANSACTION;
USE `Agent_lookup_table`;
INSERT INTO `Agent_lookup_table`.`Service_Relation` (`csid`, `ssid`) VALUES ('env', 'light');
INSERT INTO `Agent_lookup_table`.`Service_Relation` (`csid`, `ssid`) VALUES ('env', 'temp');
INSERT INTO `Agent_lookup_table`.`Service_Relation` (`csid`, `ssid`) VALUES ('env', 'kelu');
INSERT INTO `Agent_lookup_table`.`Service_Relation` (`csid`, `ssid`) VALUES ('weather', 'light');
INSERT INTO `Agent_lookup_table`.`Service_Relation` (`csid`, `ssid`) VALUES ('weather', 'temp');

COMMIT;

