-- MySQL Script generated by MySQL Workbench
-- 12/01/16 00:29:42
-- Model: New Model    Version: 1.0
-- MySQL Workbench Forward Engineering

SET @OLD_UNIQUE_CHECKS=@@UNIQUE_CHECKS, UNIQUE_CHECKS=0;
SET @OLD_FOREIGN_KEY_CHECKS=@@FOREIGN_KEY_CHECKS, FOREIGN_KEY_CHECKS=0;
SET @OLD_SQL_MODE=@@SQL_MODE, SQL_MODE='TRADITIONAL,ALLOW_INVALID_DATES';

-- -----------------------------------------------------
-- Schema main_Server
-- -----------------------------------------------------
DROP SCHEMA IF EXISTS `main_Server` ;

-- -----------------------------------------------------
-- Schema main_Server
-- -----------------------------------------------------
CREATE SCHEMA IF NOT EXISTS `main_Server` DEFAULT CHARACTER SET utf8 ;
USE `main_Server` ;

-- -----------------------------------------------------
-- Table `main_Server`.`simple_service`
-- -----------------------------------------------------
DROP TABLE IF EXISTS `main_Server`.`simple_service` ;

CREATE TABLE IF NOT EXISTS `main_Server`.`simple_service` (
  `ssid` VARCHAR(255) NOT NULL,
  `ss_name` VARCHAR(255) NULL,
  `ss_value` VARCHAR(255) NULL,
  `ss_protocol` VARCHAR(255) NULL,
  `ss_url` VARCHAR(255) NULL,
  `ss_TTL` INT NULL,
  `ss_timestamp` VARCHAR(255) NULL,
  PRIMARY KEY (`ssid`),
  UNIQUE INDEX `ssid_UNIQUE` (`ssid` ASC))
ENGINE = InnoDB;


-- -----------------------------------------------------
-- Table `main_Server`.`complex_service`
-- -----------------------------------------------------
DROP TABLE IF EXISTS `main_Server`.`complex_service` ;

CREATE TABLE IF NOT EXISTS `main_Server`.`complex_service` (
  `csid` VARCHAR(255) NOT NULL,
  `cs_name` VARCHAR(255) NULL,
  `cs_provider` VARCHAR(255) NULL,
  `cs_priority` MEDIUMTEXT NULL,
  `cs_update_count` MEDIUMTEXT NULL,
  `cs_timestamp` TIMESTAMP NULL,
  PRIMARY KEY (`csid`),
  UNIQUE INDEX `csid_UNIQUE` (`csid` ASC))
ENGINE = InnoDB;


-- -----------------------------------------------------
-- Table `main_Server`.`service_relation`
-- -----------------------------------------------------
DROP TABLE IF EXISTS `main_Server`.`service_relation` ;

CREATE TABLE IF NOT EXISTS `main_Server`.`service_relation` (
  `csid` VARCHAR(255) NOT NULL,
  `ssid` VARCHAR(255) NOT NULL,
  INDEX `csid_idx` (`csid` ASC),
  INDEX `ssid_idx` (`ssid` ASC),
  CONSTRAINT `csid`
    FOREIGN KEY (`csid`)
    REFERENCES `main_Server`.`complex_service` (`csid`)
    ON DELETE NO ACTION
    ON UPDATE NO ACTION,
  CONSTRAINT `ssid`
    FOREIGN KEY (`ssid`)
    REFERENCES `main_Server`.`simple_service` (`ssid`)
    ON DELETE CASCADE
    ON UPDATE CASCADE)
ENGINE = InnoDB;


SET SQL_MODE=@OLD_SQL_MODE;
SET FOREIGN_KEY_CHECKS=@OLD_FOREIGN_KEY_CHECKS;
SET UNIQUE_CHECKS=@OLD_UNIQUE_CHECKS;

-- -----------------------------------------------------
-- Data for table `main_Server`.`simple_service`
-- -----------------------------------------------------
START TRANSACTION;
USE `main_Server`;
INSERT INTO `main_Server`.`simple_service` (`ssid`, `ss_name`, `ss_value`, `ss_protocol`, `ss_url`, `ss_TTL`, `ss_timestamp`) VALUES ('temp', 'temp', '24', 'http', 'https://google.com', 500, 'CURRENT_TIMESTAMP');
INSERT INTO `main_Server`.`simple_service` (`ssid`, `ss_name`, `ss_value`, `ss_protocol`, `ss_url`, `ss_TTL`, `ss_timestamp`) VALUES ('light', 'light', '10', 'http', 'https://google.com', 500, 'now()');
INSERT INTO `main_Server`.`simple_service` (`ssid`, `ss_name`, `ss_value`, `ss_protocol`, `ss_url`, `ss_TTL`, `ss_timestamp`) VALUES ('kelu', 'kelu', 'kala', 'kala', 'kala', 500, 'now()');

COMMIT;


-- -----------------------------------------------------
-- Data for table `main_Server`.`complex_service`
-- -----------------------------------------------------
START TRANSACTION;
USE `main_Server`;
INSERT INTO `main_Server`.`complex_service` (`csid`, `cs_name`, `cs_provider`, `cs_priority`, `cs_update_count`, `cs_timestamp`) VALUES ('env', 'env', 'navu', '10', '2', NULL);
INSERT INTO `main_Server`.`complex_service` (`csid`, `cs_name`, `cs_provider`, `cs_priority`, `cs_update_count`, `cs_timestamp`) VALUES ('weather', 'weather', 'weather', '5', '5', NULL);

COMMIT;


-- -----------------------------------------------------
-- Data for table `main_Server`.`service_relation`
-- -----------------------------------------------------
START TRANSACTION;
USE `main_Server`;
INSERT INTO `main_Server`.`service_relation` (`csid`, `ssid`) VALUES ('env', 'light');
INSERT INTO `main_Server`.`service_relation` (`csid`, `ssid`) VALUES ('env', 'temp');
INSERT INTO `main_Server`.`service_relation` (`csid`, `ssid`) VALUES ('env', 'kelu');
INSERT INTO `main_Server`.`service_relation` (`csid`, `ssid`) VALUES ('weather', 'light');
INSERT INTO `main_Server`.`service_relation` (`csid`, `ssid`) VALUES ('weather', 'temp');

COMMIT;

